pair,method,n,estimate,p_value,conf_low,conf_high,note
uniformity vs avg_depth,pearson,7037,0.4043803095239593,4.002695255739154e-275,0.3846495170101086,0.4237417433960014,NA
uniformity vs log10_avg_depth,pearson,7037,0.494144779548055,0,0.4762786613372734,0.5116030512579403,NA
